{
    "status": "PASS",
    "tracking_passed": true,
    "cn0_monitor_passed": true,
    "duration_s": 900.0,
    "wall_time_s": 199.98399999999674,
    "realtime_ratio": 4.500360028802378,
    "tail": {
        "doppler_rms_hz": 1.5277093049885166,
        "doppler_p95_hz": 3.06014205,
        "doppler_max_hz": 3.41578175,
        "code_mae_chips": 0.07998152299003322,
        "code_p95_chips": 0.15703129,
        "code_max_chips": 0.17271608,
        "fll_lock_ratio": 1.0,
        "dll_lock_ratio": 1.0,
        "frame_valid_ratio": 1.0,
        "cn0_bias_db": -1.2118279982392026,
        "cn0_rmse_db": 1.4706412244050462,
        "cn0_p95_abs_db": 2.59744332,
        "cn0_valid_ratio": 1.0,
        "cn0_methods": {
            "NWPR": 301
        },
        "states": {
            "Deep": 301
        }
    },
    "state_path": "Deep",
    "state_transitions": [],
    "cn0_step_responses": [],
    "fallback_to_pullin_count": 0,
    "transition_divergence_count": 0
}
